avg_ms,impl,max_ms,min_ms,n,p50_ms,p95_ms,p99_ms,scenario
27.36068449998129,framework,37.407200000416196,10.252200000650191,200,30.748500000299828,35.35039000021243,37.008737999449295,sql_backend
0.23741100001643645,direct,0.7637999997314182,0.20640000002458692,200,0.2128500004801026,0.37368500043157654,0.6298010001410146,sql_backend
27.02194949998102,framework,43.58390000015788,11.010000000169384,200,30.802300000232208,35.07640499988156,37.728473999113696,mongo_backend
4.720616499985226,direct,31.101699999453558,3.51669999963633,200,4.609550000168383,5.575675000136471,5.985952000391985,mongo_backend
34.50559749997865,framework,48.987099999976635,15.150399999583897,200,33.15010000005714,47.71065499949145,48.44746300012957,cross_backend
6.740484500010098,direct,19.04819999981555,5.4971999998087995,200,6.6273000002183835,7.711130000279808,8.512131999577832,cross_backend
