avg_ms,impl,max_ms,min_ms,n,p50_ms,p95_ms,p99_ms,scenario
27.50725049997527,framework,40.925700000116194,11.573800000405754,200,30.8252499999071,34.75848000007318,36.70447700033037,retrieve_user
0.23004499999842665,direct,1.2677999998231826,0.19459999975879327,200,0.19919999999729043,0.3603950000979234,0.6620370001928669,retrieve_user
25.888606500020614,framework,38.10460000022431,10.194599999977072,200,30.720100000053208,34.32902499989723,36.566265999967975,access_nested
4.849414500006333,direct,24.92039999970075,3.3462000001236447,200,4.670199999736724,5.914915000016663,8.227152000035844,access_nested
36.76779050000732,framework,51.30959999996776,18.6399999997775,200,37.62785000003532,48.35526999995636,50.525434000137466,update_multi
6.736275999985537,direct,13.790900000003603,5.215499999849271,200,6.573549999984607,8.256934999644727,10.443608999721596,update_multi
