avg_commit_ms,avg_mongo_ms,avg_ms,avg_route_ms,avg_sql_ms,coord_overhead_ms_est,experiment,max_ms,metadata_load_avg_ms,min_ms,mode,n,p50_ms,p95_ms,p99_ms,throughput_ops_sec
,,31.01963600003728,,,31.01963600003728,ingestion_latency_http,96.51129999929253,0.47333600003184984,12.490600000091945,hybrid,200,29.843950000213226,46.635315000003175,62.908025000615446,31.96973974617566
,,27.098318500025016,,,,logical_query_latency_http,45.449700000062876,0.47333600003184984,14.524700000038138,hybrid,200,30.122749999918597,34.73975999991125,41.017120000587965,
