avg_ms,experiment,max_ms,min_ms,mode,n,p50_ms,p95_ms,p99_ms,throughput_ops_sec
32.17065199933131,ingestion_latency_http,50.49719999078661,11.723599993274547,hybrid,200,32.26339999673655,46.93164499331033,49.09269899057108,30.899446264949066
29.332150999980513,logical_query_latency_http,38.75420000986196,13.799299995298497,hybrid,200,30.83955000329297,34.70944999717176,38.167140993318746,
